file,label
GALAXY_0.fits,GALAXY
GALAXY_1.fits,GALAXY
GALAXY_101.fits,GALAXY
GALAXY_102.fits,GALAXY
GALAXY_104.fits,GALAXY
GALAXY_106.fits,GALAXY
GALAXY_107.fits,GALAXY
GALAXY_111.fits,GALAXY
GALAXY_112.fits,GALAXY
GALAXY_113.fits,GALAXY
GALAXY_114.fits,GALAXY
GALAXY_115.fits,GALAXY
GALAXY_116.fits,GALAXY
GALAXY_119.fits,GALAXY
GALAXY_12.fits,GALAXY
GALAXY_120.fits,GALAXY
GALAXY_121.fits,GALAXY
GALAXY_123.fits,GALAXY
GALAXY_124.fits,GALAXY
GALAXY_125.fits,GALAXY
GALAXY_126.fits,GALAXY
GALAXY_127.fits,GALAXY
GALAXY_128.fits,GALAXY
GALAXY_13.fits,GALAXY
GALAXY_130.fits,GALAXY
GALAXY_131.fits,GALAXY
GALAXY_132.fits,GALAXY
GALAXY_133.fits,GALAXY
GALAXY_134.fits,GALAXY
GALAXY_135.fits,GALAXY
GALAXY_14.fits,GALAXY
GALAXY_143.fits,GALAXY
GALAXY_144.fits,GALAXY
GALAXY_145.fits,GALAXY
GALAXY_146.fits,GALAXY
GALAXY_15.fits,GALAXY
GALAXY_151.fits,GALAXY
GALAXY_153.fits,GALAXY
GALAXY_154.fits,GALAXY
GALAXY_155.fits,GALAXY
GALAXY_156.fits,GALAXY
GALAXY_158.fits,GALAXY
GALAXY_160.fits,GALAXY
GALAXY_161.fits,GALAXY
GALAXY_162.fits,GALAXY
GALAXY_163.fits,GALAXY
GALAXY_166.fits,GALAXY
GALAXY_167.fits,GALAXY
GALAXY_168.fits,GALAXY
GALAXY_169.fits,GALAXY
GALAXY_170.fits,GALAXY
GALAXY_172.fits,GALAXY
GALAXY_173.fits,GALAXY
GALAXY_174.fits,GALAXY
GALAXY_175.fits,GALAXY
GALAXY_176.fits,GALAXY
GALAXY_177.fits,GALAXY
GALAXY_179.fits,GALAXY
GALAXY_18.fits,GALAXY
GALAXY_180.fits,GALAXY
GALAXY_181.fits,GALAXY
GALAXY_183.fits,GALAXY
GALAXY_184.fits,GALAXY
GALAXY_19.fits,GALAXY
GALAXY_191.fits,GALAXY
GALAXY_192.fits,GALAXY
GALAXY_194.fits,GALAXY
GALAXY_196.fits,GALAXY
GALAXY_198.fits,GALAXY
GALAXY_2.fits,GALAXY
GALAXY_20.fits,GALAXY
GALAXY_201.fits,GALAXY
GALAXY_202.fits,GALAXY
GALAXY_203.fits,GALAXY
GALAXY_207.fits,GALAXY
GALAXY_209.fits,GALAXY
GALAXY_21.fits,GALAXY
GALAXY_211.fits,GALAXY
GALAXY_212.fits,GALAXY
GALAXY_213.fits,GALAXY
GALAXY_214.fits,GALAXY
GALAXY_216.fits,GALAXY
GALAXY_218.fits,GALAXY
GALAXY_219.fits,GALAXY
GALAXY_22.fits,GALAXY
GALAXY_220.fits,GALAXY
GALAXY_221.fits,GALAXY
GALAXY_223.fits,GALAXY
GALAXY_224.fits,GALAXY
GALAXY_225.fits,GALAXY
GALAXY_228.fits,GALAXY
GALAXY_23.fits,GALAXY
GALAXY_230.fits,GALAXY
GALAXY_231.fits,GALAXY
GALAXY_234.fits,GALAXY
GALAXY_236.fits,GALAXY
GALAXY_239.fits,GALAXY
GALAXY_240.fits,GALAXY
GALAXY_250.fits,GALAXY
GALAXY_251.fits,GALAXY
GALAXY_252.fits,GALAXY
GALAXY_259.fits,GALAXY
GALAXY_260.fits,GALAXY
GALAXY_266.fits,GALAXY
GALAXY_268.fits,GALAXY
GALAXY_269.fits,GALAXY
GALAXY_270.fits,GALAXY
GALAXY_274.fits,GALAXY
GALAXY_283.fits,GALAXY
GALAXY_284.fits,GALAXY
GALAXY_285.fits,GALAXY
GALAXY_286.fits,GALAXY
GALAXY_287.fits,GALAXY
GALAXY_292.fits,GALAXY
GALAXY_293.fits,GALAXY
GALAXY_294.fits,GALAXY
GALAXY_295.fits,GALAXY
GALAXY_296.fits,GALAXY
GALAXY_297.fits,GALAXY
GALAXY_298.fits,GALAXY
GALAXY_299.fits,GALAXY
GALAXY_3.fits,GALAXY
GALAXY_302.fits,GALAXY
GALAXY_303.fits,GALAXY
GALAXY_304.fits,GALAXY
GALAXY_305.fits,GALAXY
GALAXY_306.fits,GALAXY
GALAXY_307.fits,GALAXY
GALAXY_308.fits,GALAXY
GALAXY_309.fits,GALAXY
GALAXY_31.fits,GALAXY
GALAXY_310.fits,GALAXY
GALAXY_311.fits,GALAXY
GALAXY_314.fits,GALAXY
GALAXY_315.fits,GALAXY
GALAXY_316.fits,GALAXY
GALAXY_317.fits,GALAXY
GALAXY_32.fits,GALAXY
GALAXY_321.fits,GALAXY
GALAXY_325.fits,GALAXY
GALAXY_326.fits,GALAXY
GALAXY_327.fits,GALAXY
GALAXY_328.fits,GALAXY
GALAXY_329.fits,GALAXY
GALAXY_33.fits,GALAXY
GALAXY_331.fits,GALAXY
GALAXY_332.fits,GALAXY
GALAXY_334.fits,GALAXY
GALAXY_335.fits,GALAXY
GALAXY_336.fits,GALAXY
GALAXY_337.fits,GALAXY
GALAXY_339.fits,GALAXY
GALAXY_34.fits,GALAXY
GALAXY_340.fits,GALAXY
GALAXY_341.fits,GALAXY
GALAXY_348.fits,GALAXY
GALAXY_349.fits,GALAXY
GALAXY_35.fits,GALAXY
GALAXY_352.fits,GALAXY
GALAXY_353.fits,GALAXY
GALAXY_354.fits,GALAXY
GALAXY_356.fits,GALAXY
GALAXY_357.fits,GALAXY
GALAXY_358.fits,GALAXY
GALAXY_36.fits,GALAXY
GALAXY_360.fits,GALAXY
GALAXY_362.fits,GALAXY
GALAXY_363.fits,GALAXY
GALAXY_365.fits,GALAXY
GALAXY_367.fits,GALAXY
GALAXY_369.fits,GALAXY
GALAXY_37.fits,GALAXY
GALAXY_370.fits,GALAXY
GALAXY_371.fits,GALAXY
GALAXY_372.fits,GALAXY
GALAXY_375.fits,GALAXY
GALAXY_377.fits,GALAXY
GALAXY_378.fits,GALAXY
GALAXY_383.fits,GALAXY
GALAXY_384.fits,GALAXY
GALAXY_385.fits,GALAXY
GALAXY_387.fits,GALAXY
GALAXY_388.fits,GALAXY
GALAXY_39.fits,GALAXY
GALAXY_391.fits,GALAXY
GALAXY_392.fits,GALAXY
GALAXY_393.fits,GALAXY
GALAXY_395.fits,GALAXY
GALAXY_396.fits,GALAXY
GALAXY_397.fits,GALAXY
GALAXY_398.fits,GALAXY
GALAXY_399.fits,GALAXY
GALAXY_4.fits,GALAXY
GALAXY_402.fits,GALAXY
GALAXY_404.fits,GALAXY
GALAXY_405.fits,GALAXY
GALAXY_406.fits,GALAXY
GALAXY_407.fits,GALAXY
GALAXY_408.fits,GALAXY
GALAXY_409.fits,GALAXY
GALAXY_411.fits,GALAXY
GALAXY_412.fits,GALAXY
GALAXY_414.fits,GALAXY
GALAXY_415.fits,GALAXY
GALAXY_416.fits,GALAXY
GALAXY_417.fits,GALAXY
GALAXY_418.fits,GALAXY
GALAXY_42.fits,GALAXY
GALAXY_422.fits,GALAXY
GALAXY_423.fits,GALAXY
GALAXY_427.fits,GALAXY
GALAXY_429.fits,GALAXY
GALAXY_431.fits,GALAXY
GALAXY_434.fits,GALAXY
GALAXY_436.fits,GALAXY
GALAXY_438.fits,GALAXY
GALAXY_442.fits,GALAXY
GALAXY_443.fits,GALAXY
GALAXY_446.fits,GALAXY
GALAXY_448.fits,GALAXY
GALAXY_450.fits,GALAXY
GALAXY_451.fits,GALAXY
GALAXY_456.fits,GALAXY
GALAXY_459.fits,GALAXY
GALAXY_46.fits,GALAXY
GALAXY_464.fits,GALAXY
GALAXY_466.fits,GALAXY
GALAXY_467.fits,GALAXY
GALAXY_468.fits,GALAXY
GALAXY_469.fits,GALAXY
GALAXY_47.fits,GALAXY
GALAXY_470.fits,GALAXY
GALAXY_471.fits,GALAXY
GALAXY_472.fits,GALAXY
GALAXY_473.fits,GALAXY
GALAXY_474.fits,GALAXY
GALAXY_475.fits,GALAXY
GALAXY_478.fits,GALAXY
GALAXY_48.fits,GALAXY
GALAXY_481.fits,GALAXY
GALAXY_483.fits,GALAXY
GALAXY_484.fits,GALAXY
GALAXY_486.fits,GALAXY
GALAXY_488.fits,GALAXY
GALAXY_493.fits,GALAXY
GALAXY_494.fits,GALAXY
GALAXY_498.fits,GALAXY
GALAXY_499.fits,GALAXY
GALAXY_5.fits,GALAXY
GALAXY_50.fits,GALAXY
GALAXY_504.fits,GALAXY
GALAXY_505.fits,GALAXY
GALAXY_506.fits,GALAXY
GALAXY_507.fits,GALAXY
GALAXY_508.fits,GALAXY
GALAXY_513.fits,GALAXY
GALAXY_514.fits,GALAXY
GALAXY_515.fits,GALAXY
GALAXY_519.fits,GALAXY
GALAXY_52.fits,GALAXY
GALAXY_522.fits,GALAXY
GALAXY_53.fits,GALAXY
GALAXY_532.fits,GALAXY
GALAXY_533.fits,GALAXY
GALAXY_534.fits,GALAXY
GALAXY_535.fits,GALAXY
GALAXY_539.fits,GALAXY
GALAXY_54.fits,GALAXY
GALAXY_540.fits,GALAXY
GALAXY_541.fits,GALAXY
GALAXY_542.fits,GALAXY
GALAXY_543.fits,GALAXY
GALAXY_544.fits,GALAXY
GALAXY_545.fits,GALAXY
GALAXY_546.fits,GALAXY
GALAXY_547.fits,GALAXY
GALAXY_548.fits,GALAXY
GALAXY_549.fits,GALAXY
GALAXY_55.fits,GALAXY
GALAXY_550.fits,GALAXY
GALAXY_551.fits,GALAXY
GALAXY_554.fits,GALAXY
GALAXY_555.fits,GALAXY
GALAXY_556.fits,GALAXY
GALAXY_559.fits,GALAXY
GALAXY_560.fits,GALAXY
GALAXY_563.fits,GALAXY
GALAXY_565.fits,GALAXY
GALAXY_567.fits,GALAXY
GALAXY_569.fits,GALAXY
GALAXY_57.fits,GALAXY
GALAXY_570.fits,GALAXY
GALAXY_571.fits,GALAXY
GALAXY_572.fits,GALAXY
GALAXY_575.fits,GALAXY
GALAXY_576.fits,GALAXY
GALAXY_58.fits,GALAXY
GALAXY_581.fits,GALAXY
GALAXY_582.fits,GALAXY
GALAXY_583.fits,GALAXY
GALAXY_584.fits,GALAXY
GALAXY_585.fits,GALAXY
GALAXY_586.fits,GALAXY
GALAXY_587.fits,GALAXY
GALAXY_588.fits,GALAXY
GALAXY_589.fits,GALAXY
GALAXY_59.fits,GALAXY
GALAXY_590.fits,GALAXY
GALAXY_591.fits,GALAXY
GALAXY_592.fits,GALAXY
GALAXY_593.fits,GALAXY
GALAXY_594.fits,GALAXY
GALAXY_595.fits,GALAXY
GALAXY_597.fits,GALAXY
GALAXY_598.fits,GALAXY
GALAXY_599.fits,GALAXY
GALAXY_6.fits,GALAXY
GALAXY_600.fits,GALAXY
GALAXY_601.fits,GALAXY
GALAXY_602.fits,GALAXY
GALAXY_603.fits,GALAXY
GALAXY_604.fits,GALAXY
GALAXY_607.fits,GALAXY
GALAXY_608.fits,GALAXY
GALAXY_609.fits,GALAXY
GALAXY_61.fits,GALAXY
GALAXY_613.fits,GALAXY
GALAXY_618.fits,GALAXY
GALAXY_626.fits,GALAXY
GALAXY_627.fits,GALAXY
GALAXY_628.fits,GALAXY
GALAXY_629.fits,GALAXY
GALAXY_630.fits,GALAXY
GALAXY_633.fits,GALAXY
GALAXY_634.fits,GALAXY
GALAXY_637.fits,GALAXY
GALAXY_638.fits,GALAXY
GALAXY_639.fits,GALAXY
GALAXY_640.fits,GALAXY
GALAXY_641.fits,GALAXY
GALAXY_642.fits,GALAXY
GALAXY_643.fits,GALAXY
GALAXY_644.fits,GALAXY
GALAXY_649.fits,GALAXY
GALAXY_65.fits,GALAXY
GALAXY_652.fits,GALAXY
GALAXY_653.fits,GALAXY
GALAXY_654.fits,GALAXY
GALAXY_655.fits,GALAXY
GALAXY_656.fits,GALAXY
GALAXY_657.fits,GALAXY
GALAXY_66.fits,GALAXY
GALAXY_667.fits,GALAXY
GALAXY_67.fits,GALAXY
GALAXY_672.fits,GALAXY
GALAXY_674.fits,GALAXY
GALAXY_675.fits,GALAXY
GALAXY_678.fits,GALAXY
GALAXY_679.fits,GALAXY
GALAXY_68.fits,GALAXY
GALAXY_682.fits,GALAXY
GALAXY_683.fits,GALAXY
GALAXY_686.fits,GALAXY
GALAXY_687.fits,GALAXY
GALAXY_688.fits,GALAXY
GALAXY_689.fits,GALAXY
GALAXY_69.fits,GALAXY
GALAXY_691.fits,GALAXY
GALAXY_692.fits,GALAXY
GALAXY_695.fits,GALAXY
GALAXY_696.fits,GALAXY
GALAXY_70.fits,GALAXY
GALAXY_700.fits,GALAXY
GALAXY_702.fits,GALAXY
GALAXY_704.fits,GALAXY
GALAXY_705.fits,GALAXY
GALAXY_706.fits,GALAXY
GALAXY_708.fits,GALAXY
GALAXY_709.fits,GALAXY
GALAXY_71.fits,GALAXY
GALAXY_710.fits,GALAXY
GALAXY_712.fits,GALAXY
GALAXY_713.fits,GALAXY
GALAXY_714.fits,GALAXY
GALAXY_715.fits,GALAXY
GALAXY_717.fits,GALAXY
GALAXY_718.fits,GALAXY
GALAXY_719.fits,GALAXY
GALAXY_721.fits,GALAXY
GALAXY_727.fits,GALAXY
GALAXY_728.fits,GALAXY
GALAXY_729.fits,GALAXY
GALAXY_730.fits,GALAXY
GALAXY_739.fits,GALAXY
GALAXY_74.fits,GALAXY
GALAXY_742.fits,GALAXY
GALAXY_743.fits,GALAXY
GALAXY_744.fits,GALAXY
GALAXY_745.fits,GALAXY
GALAXY_746.fits,GALAXY
GALAXY_747.fits,GALAXY
GALAXY_748.fits,GALAXY
GALAXY_75.fits,GALAXY
GALAXY_753.fits,GALAXY
GALAXY_756.fits,GALAXY
GALAXY_76.fits,GALAXY
GALAXY_760.fits,GALAXY
GALAXY_761.fits,GALAXY
GALAXY_763.fits,GALAXY
GALAXY_764.fits,GALAXY
GALAXY_765.fits,GALAXY
GALAXY_766.fits,GALAXY
GALAXY_77.fits,GALAXY
GALAXY_778.fits,GALAXY
GALAXY_779.fits,GALAXY
GALAXY_780.fits,GALAXY
GALAXY_781.fits,GALAXY
GALAXY_782.fits,GALAXY
GALAXY_783.fits,GALAXY
GALAXY_785.fits,GALAXY
GALAXY_786.fits,GALAXY
GALAXY_787.fits,GALAXY
GALAXY_788.fits,GALAXY
GALAXY_79.fits,GALAXY
GALAXY_793.fits,GALAXY
GALAXY_794.fits,GALAXY
GALAXY_795.fits,GALAXY
GALAXY_796.fits,GALAXY
GALAXY_797.fits,GALAXY
GALAXY_798.fits,GALAXY
GALAXY_799.fits,GALAXY
GALAXY_8.fits,GALAXY
GALAXY_80.fits,GALAXY
GALAXY_802.fits,GALAXY
GALAXY_805.fits,GALAXY
GALAXY_807.fits,GALAXY
GALAXY_81.fits,GALAXY
GALAXY_811.fits,GALAXY
GALAXY_812.fits,GALAXY
GALAXY_813.fits,GALAXY
GALAXY_814.fits,GALAXY
GALAXY_815.fits,GALAXY
GALAXY_84.fits,GALAXY
GALAXY_892.fits,GALAXY
GALAXY_893.fits,GALAXY
GALAXY_895.fits,GALAXY
GALAXY_898.fits,GALAXY
GALAXY_9.fits,GALAXY
GALAXY_90.fits,GALAXY
GALAXY_900.fits,GALAXY
GALAXY_901.fits,GALAXY
GALAXY_902.fits,GALAXY
GALAXY_903.fits,GALAXY
GALAXY_904.fits,GALAXY
GALAXY_905.fits,GALAXY
GALAXY_906.fits,GALAXY
GALAXY_907.fits,GALAXY
GALAXY_913.fits,GALAXY
GALAXY_914.fits,GALAXY
GALAXY_918.fits,GALAXY
GALAXY_919.fits,GALAXY
GALAXY_920.fits,GALAXY
GALAXY_921.fits,GALAXY
GALAXY_922.fits,GALAXY
GALAXY_923.fits,GALAXY
GALAXY_924.fits,GALAXY
GALAXY_927.fits,GALAXY
GALAXY_929.fits,GALAXY
GALAXY_932.fits,GALAXY
GALAXY_933.fits,GALAXY
GALAXY_938.fits,GALAXY
GALAXY_939.fits,GALAXY
GALAXY_940.fits,GALAXY
GALAXY_941.fits,GALAXY
GALAXY_942.fits,GALAXY
GALAXY_946.fits,GALAXY
GALAXY_949.fits,GALAXY
GALAXY_951.fits,GALAXY
GALAXY_952.fits,GALAXY
GALAXY_953.fits,GALAXY
GALAXY_954.fits,GALAXY
GALAXY_955.fits,GALAXY
GALAXY_956.fits,GALAXY
GALAXY_957.fits,GALAXY
GALAXY_959.fits,GALAXY
GALAXY_96.fits,GALAXY
GALAXY_960.fits,GALAXY
GALAXY_961.fits,GALAXY
GALAXY_962.fits,GALAXY
GALAXY_963.fits,GALAXY
GALAXY_965.fits,GALAXY
GALAXY_966.fits,GALAXY
GALAXY_967.fits,GALAXY
GALAXY_97.fits,GALAXY
GALAXY_970.fits,GALAXY
GALAXY_971.fits,GALAXY
GALAXY_974.fits,GALAXY
GALAXY_980.fits,GALAXY
GALAXY_981.fits,GALAXY
GALAXY_984.fits,GALAXY
GALAXY_986.fits,GALAXY
GALAXY_990.fits,GALAXY
GALAXY_991.fits,GALAXY
GALAXY_995.fits,GALAXY
GALAXY_997.fits,GALAXY
GALAXY_998.fits,GALAXY
GALAXY_999.fits,GALAXY
QSO_10.fits,QSO
QSO_100.fits,QSO
QSO_103.fits,QSO
QSO_108.fits,QSO
QSO_109.fits,QSO
QSO_11.fits,QSO
QSO_118.fits,QSO
QSO_138.fits,QSO
QSO_139.fits,QSO
QSO_140.fits,QSO
QSO_141.fits,QSO
QSO_142.fits,QSO
QSO_147.fits,QSO
QSO_149.fits,QSO
QSO_159.fits,QSO
QSO_164.fits,QSO
QSO_165.fits,QSO
QSO_171.fits,QSO
QSO_178.fits,QSO
QSO_185.fits,QSO
QSO_186.fits,QSO
QSO_187.fits,QSO
QSO_188.fits,QSO
QSO_193.fits,QSO
QSO_197.fits,QSO
QSO_204.fits,QSO
QSO_205.fits,QSO
QSO_210.fits,QSO
QSO_217.fits,QSO
QSO_229.fits,QSO
QSO_235.fits,QSO
QSO_247.fits,QSO
QSO_248.fits,QSO
QSO_249.fits,QSO
QSO_253.fits,QSO
QSO_254.fits,QSO
QSO_255.fits,QSO
QSO_256.fits,QSO
QSO_257.fits,QSO
QSO_258.fits,QSO
QSO_264.fits,QSO
QSO_265.fits,QSO
QSO_267.fits,QSO
QSO_27.fits,QSO
QSO_271.fits,QSO
QSO_272.fits,QSO
QSO_273.fits,QSO
QSO_275.fits,QSO
QSO_28.fits,QSO
QSO_288.fits,QSO
QSO_289.fits,QSO
QSO_29.fits,QSO
QSO_290.fits,QSO
QSO_312.fits,QSO
QSO_313.fits,QSO
QSO_319.fits,QSO
QSO_320.fits,QSO
QSO_323.fits,QSO
QSO_324.fits,QSO
QSO_330.fits,QSO
QSO_342.fits,QSO
QSO_343.fits,QSO
QSO_344.fits,QSO
QSO_345.fits,QSO
QSO_346.fits,QSO
QSO_347.fits,QSO
QSO_355.fits,QSO
QSO_359.fits,QSO
QSO_361.fits,QSO
QSO_368.fits,QSO
QSO_373.fits,QSO
QSO_379.fits,QSO
QSO_380.fits,QSO
QSO_381.fits,QSO
QSO_386.fits,QSO
QSO_389.fits,QSO
QSO_40.fits,QSO
QSO_400.fits,QSO
QSO_410.fits,QSO
QSO_413.fits,QSO
QSO_424.fits,QSO
QSO_425.fits,QSO
QSO_426.fits,QSO
QSO_428.fits,QSO
QSO_43.fits,QSO
QSO_432.fits,QSO
QSO_437.fits,QSO
QSO_440.fits,QSO
QSO_441.fits,QSO
QSO_447.fits,QSO
QSO_454.fits,QSO
QSO_455.fits,QSO
QSO_458.fits,QSO
QSO_460.fits,QSO
QSO_461.fits,QSO
QSO_465.fits,QSO
QSO_477.fits,QSO
QSO_479.fits,QSO
QSO_480.fits,QSO
QSO_482.fits,QSO
QSO_49.fits,QSO
QSO_495.fits,QSO
QSO_501.fits,QSO
QSO_502.fits,QSO
QSO_503.fits,QSO
QSO_51.fits,QSO
QSO_511.fits,QSO
QSO_520.fits,QSO
QSO_523.fits,QSO
QSO_524.fits,QSO
QSO_538.fits,QSO
QSO_552.fits,QSO
QSO_561.fits,QSO
QSO_562.fits,QSO
QSO_564.fits,QSO
QSO_580.fits,QSO
QSO_596.fits,QSO
QSO_60.fits,QSO
QSO_605.fits,QSO
QSO_632.fits,QSO
QSO_635.fits,QSO
QSO_636.fits,QSO
QSO_64.fits,QSO
QSO_645.fits,QSO
QSO_647.fits,QSO
QSO_648.fits,QSO
QSO_660.fits,QSO
QSO_661.fits,QSO
QSO_665.fits,QSO
QSO_671.fits,QSO
QSO_680.fits,QSO
QSO_681.fits,QSO
QSO_690.fits,QSO
QSO_693.fits,QSO
QSO_697.fits,QSO
QSO_7.fits,QSO
QSO_732.fits,QSO
QSO_733.fits,QSO
QSO_740.fits,QSO
QSO_749.fits,QSO
QSO_755.fits,QSO
QSO_757.fits,QSO
QSO_759.fits,QSO
QSO_767.fits,QSO
QSO_772.fits,QSO
QSO_773.fits,QSO
QSO_774.fits,QSO
QSO_775.fits,QSO
QSO_776.fits,QSO
QSO_78.fits,QSO
QSO_784.fits,QSO
QSO_789.fits,QSO
QSO_790.fits,QSO
QSO_791.fits,QSO
QSO_792.fits,QSO
QSO_803.fits,QSO
QSO_809.fits,QSO
QSO_816.fits,QSO
QSO_817.fits,QSO
QSO_818.fits,QSO
QSO_819.fits,QSO
QSO_820.fits,QSO
QSO_821.fits,QSO
QSO_822.fits,QSO
QSO_823.fits,QSO
QSO_824.fits,QSO
QSO_825.fits,QSO
QSO_826.fits,QSO
QSO_827.fits,QSO
QSO_828.fits,QSO
QSO_829.fits,QSO
QSO_830.fits,QSO
QSO_831.fits,QSO
QSO_832.fits,QSO
QSO_833.fits,QSO
QSO_834.fits,QSO
QSO_835.fits,QSO
QSO_836.fits,QSO
QSO_837.fits,QSO
QSO_838.fits,QSO
QSO_839.fits,QSO
QSO_840.fits,QSO
QSO_841.fits,QSO
QSO_842.fits,QSO
QSO_843.fits,QSO
QSO_844.fits,QSO
QSO_845.fits,QSO
QSO_846.fits,QSO
QSO_847.fits,QSO
QSO_848.fits,QSO
QSO_849.fits,QSO
QSO_850.fits,QSO
QSO_851.fits,QSO
QSO_852.fits,QSO
QSO_853.fits,QSO
QSO_854.fits,QSO
QSO_855.fits,QSO
QSO_856.fits,QSO
QSO_857.fits,QSO
QSO_858.fits,QSO
QSO_859.fits,QSO
QSO_86.fits,QSO
QSO_860.fits,QSO
QSO_861.fits,QSO
QSO_862.fits,QSO
QSO_863.fits,QSO
QSO_864.fits,QSO
QSO_865.fits,QSO
QSO_866.fits,QSO
QSO_867.fits,QSO
QSO_868.fits,QSO
QSO_869.fits,QSO
QSO_87.fits,QSO
QSO_870.fits,QSO
QSO_871.fits,QSO
QSO_872.fits,QSO
QSO_873.fits,QSO
QSO_874.fits,QSO
QSO_875.fits,QSO
QSO_876.fits,QSO
QSO_877.fits,QSO
QSO_878.fits,QSO
QSO_879.fits,QSO
QSO_88.fits,QSO
QSO_880.fits,QSO
QSO_881.fits,QSO
QSO_882.fits,QSO
QSO_883.fits,QSO
QSO_884.fits,QSO
QSO_885.fits,QSO
QSO_886.fits,QSO
QSO_887.fits,QSO
QSO_888.fits,QSO
QSO_889.fits,QSO
QSO_89.fits,QSO
QSO_890.fits,QSO
QSO_891.fits,QSO
QSO_894.fits,QSO
QSO_896.fits,QSO
QSO_897.fits,QSO
QSO_899.fits,QSO
QSO_908.fits,QSO
QSO_909.fits,QSO
QSO_91.fits,QSO
QSO_910.fits,QSO
QSO_911.fits,QSO
QSO_912.fits,QSO
QSO_92.fits,QSO
QSO_925.fits,QSO
QSO_926.fits,QSO
QSO_93.fits,QSO
QSO_934.fits,QSO
QSO_935.fits,QSO
QSO_936.fits,QSO
QSO_937.fits,QSO
QSO_94.fits,QSO
QSO_944.fits,QSO
QSO_947.fits,QSO
QSO_958.fits,QSO
QSO_968.fits,QSO
QSO_969.fits,QSO
QSO_973.fits,QSO
QSO_977.fits,QSO
QSO_978.fits,QSO
QSO_979.fits,QSO
QSO_98.fits,QSO
QSO_987.fits,QSO
QSO_99.fits,QSO
QSO_992.fits,QSO
QSO_993.fits,QSO
QSO_996.fits,QSO
STAR_105.fits,STAR
STAR_110.fits,STAR
STAR_117.fits,STAR
STAR_122.fits,STAR
STAR_129.fits,STAR
STAR_136.fits,STAR
STAR_137.fits,STAR
STAR_148.fits,STAR
STAR_150.fits,STAR
STAR_152.fits,STAR
STAR_157.fits,STAR
STAR_16.fits,STAR
STAR_17.fits,STAR
STAR_182.fits,STAR
STAR_189.fits,STAR
STAR_190.fits,STAR
STAR_195.fits,STAR
STAR_199.fits,STAR
STAR_200.fits,STAR
STAR_206.fits,STAR
STAR_208.fits,STAR
STAR_215.fits,STAR
STAR_222.fits,STAR
STAR_226.fits,STAR
STAR_227.fits,STAR
STAR_232.fits,STAR
STAR_233.fits,STAR
STAR_237.fits,STAR
STAR_238.fits,STAR
STAR_24.fits,STAR
STAR_241.fits,STAR
STAR_242.fits,STAR
STAR_243.fits,STAR
STAR_244.fits,STAR
STAR_245.fits,STAR
STAR_246.fits,STAR
STAR_25.fits,STAR
STAR_26.fits,STAR
STAR_261.fits,STAR
STAR_262.fits,STAR
STAR_263.fits,STAR
STAR_276.fits,STAR
STAR_277.fits,STAR
STAR_278.fits,STAR
STAR_279.fits,STAR
STAR_280.fits,STAR
STAR_281.fits,STAR
STAR_282.fits,STAR
STAR_291.fits,STAR
STAR_30.fits,STAR
STAR_300.fits,STAR
STAR_301.fits,STAR
STAR_318.fits,STAR
STAR_322.fits,STAR
STAR_333.fits,STAR
STAR_338.fits,STAR
STAR_350.fits,STAR
STAR_351.fits,STAR
STAR_364.fits,STAR
STAR_366.fits,STAR
STAR_374.fits,STAR
STAR_376.fits,STAR
STAR_38.fits,STAR
STAR_382.fits,STAR
STAR_390.fits,STAR
STAR_394.fits,STAR
STAR_401.fits,STAR
STAR_403.fits,STAR
STAR_41.fits,STAR
STAR_419.fits,STAR
STAR_420.fits,STAR
STAR_421.fits,STAR
STAR_430.fits,STAR
STAR_433.fits,STAR
STAR_435.fits,STAR
STAR_439.fits,STAR
STAR_44.fits,STAR
STAR_444.fits,STAR
STAR_445.fits,STAR
STAR_449.fits,STAR
STAR_45.fits,STAR
STAR_452.fits,STAR
STAR_453.fits,STAR
STAR_457.fits,STAR
STAR_462.fits,STAR
STAR_463.fits,STAR
STAR_476.fits,STAR
STAR_485.fits,STAR
STAR_487.fits,STAR
STAR_489.fits,STAR
STAR_490.fits,STAR
STAR_491.fits,STAR
STAR_492.fits,STAR
STAR_496.fits,STAR
STAR_497.fits,STAR
STAR_500.fits,STAR
STAR_509.fits,STAR
STAR_510.fits,STAR
STAR_512.fits,STAR
STAR_516.fits,STAR
STAR_517.fits,STAR
STAR_518.fits,STAR
STAR_521.fits,STAR
STAR_525.fits,STAR
STAR_526.fits,STAR
STAR_527.fits,STAR
STAR_528.fits,STAR
STAR_529.fits,STAR
STAR_530.fits,STAR
STAR_531.fits,STAR
STAR_536.fits,STAR
STAR_537.fits,STAR
STAR_553.fits,STAR
STAR_557.fits,STAR
STAR_558.fits,STAR
STAR_56.fits,STAR
STAR_566.fits,STAR
STAR_568.fits,STAR
STAR_573.fits,STAR
STAR_574.fits,STAR
STAR_577.fits,STAR
STAR_578.fits,STAR
STAR_579.fits,STAR
STAR_606.fits,STAR
STAR_610.fits,STAR
STAR_611.fits,STAR
STAR_612.fits,STAR
STAR_614.fits,STAR
STAR_615.fits,STAR
STAR_616.fits,STAR
STAR_617.fits,STAR
STAR_619.fits,STAR
STAR_62.fits,STAR
STAR_620.fits,STAR
STAR_621.fits,STAR
STAR_622.fits,STAR
STAR_623.fits,STAR
STAR_624.fits,STAR
STAR_625.fits,STAR
STAR_63.fits,STAR
STAR_631.fits,STAR
STAR_646.fits,STAR
STAR_650.fits,STAR
STAR_651.fits,STAR
STAR_658.fits,STAR
STAR_659.fits,STAR
STAR_662.fits,STAR
STAR_663.fits,STAR
STAR_664.fits,STAR
STAR_666.fits,STAR
STAR_668.fits,STAR
STAR_669.fits,STAR
STAR_670.fits,STAR
STAR_673.fits,STAR
STAR_676.fits,STAR
STAR_677.fits,STAR
STAR_684.fits,STAR
STAR_685.fits,STAR
STAR_694.fits,STAR
STAR_698.fits,STAR
STAR_699.fits,STAR
STAR_701.fits,STAR
STAR_703.fits,STAR
STAR_707.fits,STAR
STAR_711.fits,STAR
STAR_716.fits,STAR
STAR_72.fits,STAR
STAR_720.fits,STAR
STAR_722.fits,STAR
STAR_723.fits,STAR
STAR_724.fits,STAR
STAR_725.fits,STAR
STAR_726.fits,STAR
STAR_73.fits,STAR
STAR_731.fits,STAR
STAR_734.fits,STAR
STAR_735.fits,STAR
STAR_736.fits,STAR
STAR_737.fits,STAR
STAR_738.fits,STAR
STAR_741.fits,STAR
STAR_750.fits,STAR
STAR_751.fits,STAR
STAR_752.fits,STAR
STAR_754.fits,STAR
STAR_758.fits,STAR
STAR_762.fits,STAR
STAR_768.fits,STAR
STAR_769.fits,STAR
STAR_770.fits,STAR
STAR_771.fits,STAR
STAR_777.fits,STAR
STAR_800.fits,STAR
STAR_801.fits,STAR
STAR_804.fits,STAR
STAR_806.fits,STAR
STAR_808.fits,STAR
STAR_810.fits,STAR
STAR_82.fits,STAR
STAR_83.fits,STAR
STAR_85.fits,STAR
STAR_915.fits,STAR
STAR_916.fits,STAR
STAR_917.fits,STAR
STAR_928.fits,STAR
STAR_930.fits,STAR
STAR_931.fits,STAR
STAR_943.fits,STAR
STAR_945.fits,STAR
STAR_948.fits,STAR
STAR_95.fits,STAR
STAR_950.fits,STAR
STAR_964.fits,STAR
STAR_972.fits,STAR
STAR_975.fits,STAR
STAR_976.fits,STAR
STAR_982.fits,STAR
STAR_983.fits,STAR
STAR_985.fits,STAR
STAR_988.fits,STAR
STAR_989.fits,STAR
STAR_994.fits,STAR
